<?xml version="1.0" encoding="UTF-8"?>
<project-private xmlns="http://www.netbeans.org/ns/project-private/1">
    <editor-bookmarks xmlns="http://www.netbeans.org/ns/editor-bookmarks/2" lastBookmarkId="0"/>
    <open-files xmlns="http://www.netbeans.org/ns/projectui-open-files/2">
        <group>
            <file>file:/C:/Users/User/Documents/NetBeansProjects/School-Registration-App-Updated/src/java/gradeElevenApplicationManagement/declinedApplications.java</file>
            <file>file:/C:/Users/User/Documents/NetBeansProjects/School-Registration-App-Updated/src/java/gradeElevenApplicationManagement/dbConnection.java</file>
            <file>file:/C:/Users/User/Documents/NetBeansProjects/School-Registration-App-Updated/src/java/gradeElevenApplicationManagement/ReviewedApplications.java</file>
            <file>file:/C:/Users/User/Documents/NetBeansProjects/School-Registration-App-Updated/src/java/gradeElevenApplicationManagement/homePage.java</file>
        </group>
    </open-files>
</project-private>
